<api>
<package name="com.taobao.speech.asr"
>
<class name="MRecognizer"
 extends="java.lang.Object"
 abstract="false"
 static="false"
 final="false"
 deprecated="not deprecated"
 visibility="public"
>
<constructor name="MRecognizer"
 type="com.taobao.speech.asr.MRecognizer"
 static="false"
 final="false"
 deprecated="not deprecated"
 visibility="public"
>
<parameter name="context" type="Context">
</parameter>
<parameter name="recognizeListener" type="com.taobao.speech.asr.RecognizeListener">
</parameter>
<parameter name="stageListener" type="com.taobao.speech.asr.StageListener">
</parameter>
<parameter name="nlp" type="java.lang.String">
</parameter>
<parameter name="appKey" type="java.lang.String">
</parameter>
</constructor>
<constructor name="MRecognizer"
 type="com.taobao.speech.asr.MRecognizer"
 static="false"
 final="false"
 deprecated="not deprecated"
 visibility="public"
>
<parameter name="context" type="Context">
</parameter>
<parameter name="recognizeListener" type="com.taobao.speech.asr.RecognizeListener">
</parameter>
<parameter name="stageListener" type="com.taobao.speech.asr.StageListener">
</parameter>
<parameter name="nlp" type="java.lang.String">
</parameter>
</constructor>
<constructor name="MRecognizer"
 type="com.taobao.speech.asr.MRecognizer"
 static="false"
 final="false"
 deprecated="not deprecated"
 visibility="public"
>
<parameter name="context" type="Context">
</parameter>
<parameter name="recognizeListener" type="com.taobao.speech.asr.RecognizeListener">
</parameter>
<parameter name="nlp" type="java.lang.String">
</parameter>
</constructor>
<method name="cancel"
 return="void"
 abstract="false"
 native="false"
 synchronized="false"
 static="false"
 final="false"
 deprecated="not deprecated"
 visibility="public"
>
</method>
<method name="checkService"
 return="void"
 abstract="false"
 native="false"
 synchronized="false"
 static="false"
 final="false"
 deprecated="not deprecated"
 visibility="public"
>
</method>
<method name="isSerivceAvailable"
 return="boolean"
 abstract="false"
 native="false"
 synchronized="false"
 static="true"
 final="false"
 deprecated="not deprecated"
 visibility="public"
>
</method>
<method name="isStarted"
 return="boolean"
 abstract="false"
 native="false"
 synchronized="false"
 static="false"
 final="false"
 deprecated="not deprecated"
 visibility="public"
>
</method>
<method name="openLog"
 return="void"
 abstract="false"
 native="false"
 synchronized="false"
 static="true"
 final="false"
 deprecated="not deprecated"
 visibility="public"
>
<parameter name="isOpen" type="boolean">
</parameter>
</method>
<method name="setAutoLoadLibs"
 return="void"
 abstract="false"
 native="false"
 synchronized="false"
 static="true"
 final="false"
 deprecated="not deprecated"
 visibility="public"
>
<parameter name="autoLoadLibs" type="boolean">
</parameter>
</method>
<method name="setMaxStallTime"
 return="void"
 abstract="false"
 native="false"
 synchronized="false"
 static="false"
 final="false"
 deprecated="not deprecated"
 visibility="public"
>
<parameter name="milliSeconds" type="int">
</parameter>
</method>
<method name="setMinMuteValue"
 return="void"
 abstract="false"
 native="false"
 synchronized="false"
 static="false"
 final="false"
 deprecated="not deprecated"
 visibility="public"
>
<parameter name="value" type="int">
</parameter>
</method>
<method name="setMinRecordTime"
 return="void"
 abstract="false"
 native="false"
 synchronized="false"
 static="false"
 final="false"
 deprecated="not deprecated"
 visibility="public"
>
<parameter name="minRecordTime" type="int">
</parameter>
</method>
<method name="setMinVoiceValueInterval"
 return="void"
 abstract="false"
 native="false"
 synchronized="false"
 static="true"
 final="false"
 deprecated="not deprecated"
 visibility="public"
>
<parameter name="interval" type="int">
</parameter>
</method>
<method name="setMinimalSpeechLength"
 return="void"
 abstract="false"
 native="false"
 synchronized="false"
 static="false"
 final="false"
 deprecated="not deprecated"
 visibility="public"
>
<parameter name="minimalSpeechLength" type="int">
</parameter>
</method>
<method name="start"
 return="boolean"
 abstract="false"
 native="false"
 synchronized="false"
 static="false"
 final="false"
 deprecated="not deprecated"
 visibility="public"
>
</method>
<method name="stop"
 return="void"
 abstract="false"
 native="false"
 synchronized="false"
 static="false"
 final="false"
 deprecated="not deprecated"
 visibility="public"
>
</method>
</class>
<class name="MRecognizer.ErrorCode"
 extends="java.lang.Object"
 abstract="false"
 static="true"
 final="false"
 deprecated="not deprecated"
 visibility="public"
>
<constructor name="MRecognizer.ErrorCode"
 type="com.taobao.speech.asr.MRecognizer.ErrorCode"
 static="false"
 final="false"
 deprecated="not deprecated"
 visibility="public"
>
</constructor>
<field name="NOTHING"
 type="int"
 transient="false"
 volatile="false"
 value="4"
 static="true"
 final="true"
 deprecated="not deprecated"
 visibility="public"
>
</field>
<field name="RECOGNIZE_ERROR"
 type="int"
 transient="false"
 volatile="false"
 value="1"
 static="true"
 final="true"
 deprecated="not deprecated"
 visibility="public"
>
</field>
<field name="RECORDING_ERROR"
 type="int"
 transient="false"
 volatile="false"
 value="2"
 static="true"
 final="true"
 deprecated="not deprecated"
 visibility="public"
>
</field>
<field name="SUCCESS"
 type="int"
 transient="false"
 volatile="false"
 value="0"
 static="true"
 final="true"
 deprecated="not deprecated"
 visibility="public"
>
</field>
<field name="USER_CANCEL"
 type="int"
 transient="false"
 volatile="false"
 value="3"
 static="true"
 final="true"
 deprecated="not deprecated"
 visibility="public"
>
</field>
</class>
<interface name="RecognizeListener"
 abstract="true"
 static="false"
 final="false"
 deprecated="not deprecated"
 visibility="public"
>
<method name="onRecognizingResult"
 return="void"
 abstract="true"
 native="false"
 synchronized="false"
 static="false"
 final="false"
 deprecated="not deprecated"
 visibility="public"
>
<parameter name="status" type="int">
</parameter>
<parameter name="result" type="com.taobao.speech.asr.RecognizeListener.RecognizedResult">
</parameter>
</method>
<method name="onServiceStatChanged"
 return="void"
 abstract="true"
 native="false"
 synchronized="false"
 static="false"
 final="false"
 deprecated="not deprecated"
 visibility="public"
>
<parameter name="isStreamAvailable" type="boolean">
</parameter>
<parameter name="isRpcAvailable" type="boolean">
</parameter>
</method>
</interface>
<class name="RecognizeListener.RecognizedResult"
 extends="java.lang.Object"
 abstract="false"
 static="true"
 final="false"
 deprecated="not deprecated"
 visibility="public"
>
<constructor name="RecognizeListener.RecognizedResult"
 type="com.taobao.speech.asr.RecognizeListener.RecognizedResult"
 static="false"
 final="false"
 deprecated="not deprecated"
 visibility="public"
>
</constructor>
<field name="nlpString"
 type="java.lang.String"
 transient="false"
 volatile="false"
 static="false"
 final="false"
 deprecated="not deprecated"
 visibility="public"
>
</field>
<field name="recognizedString"
 type="java.lang.String"
 transient="false"
 volatile="false"
 static="false"
 final="false"
 deprecated="not deprecated"
 visibility="public"
>
</field>
<field name="result"
 type="java.lang.String"
 transient="false"
 volatile="false"
 static="false"
 final="false"
 deprecated="not deprecated"
 visibility="public"
>
</field>
</class>
<interface name="ServiceStatusChecker.ServiceStatusListener"
 abstract="true"
 static="true"
 final="false"
 deprecated="not deprecated"
 visibility="public"
>
<method name="onServiceStatus"
 return="void"
 abstract="true"
 native="false"
 synchronized="false"
 static="false"
 final="false"
 deprecated="not deprecated"
 visibility="public"
>
<parameter name="isStreamAvailable" type="boolean">
</parameter>
<parameter name="isRpcAvailable" type="boolean">
</parameter>
</method>
</interface>
<class name="StageListener"
 extends="java.lang.Object"
 abstract="false"
 static="false"
 final="false"
 deprecated="not deprecated"
 visibility="public"
>
<constructor name="StageListener"
 type="com.taobao.speech.asr.StageListener"
 static="false"
 final="false"
 deprecated="not deprecated"
 visibility="public"
>
</constructor>
<method name="onStartRecognizing"
 return="void"
 abstract="false"
 native="false"
 synchronized="false"
 static="false"
 final="false"
 deprecated="not deprecated"
 visibility="public"
>
<parameter name="recognizer" type="com.taobao.speech.asr.MRecognizer">
</parameter>
</method>
<method name="onStartRecording"
 return="void"
 abstract="false"
 native="false"
 synchronized="false"
 static="false"
 final="false"
 deprecated="not deprecated"
 visibility="public"
>
<parameter name="recognizer" type="com.taobao.speech.asr.MRecognizer">
</parameter>
</method>
<method name="onStopRecognizing"
 return="void"
 abstract="false"
 native="false"
 synchronized="false"
 static="false"
 final="false"
 deprecated="not deprecated"
 visibility="public"
>
<parameter name="recognizer" type="com.taobao.speech.asr.MRecognizer">
</parameter>
</method>
<method name="onStopRecording"
 return="void"
 abstract="false"
 native="false"
 synchronized="false"
 static="false"
 final="false"
 deprecated="not deprecated"
 visibility="public"
>
<parameter name="recognizer" type="com.taobao.speech.asr.MRecognizer">
</parameter>
</method>
<method name="onVoiceData"
 return="void"
 abstract="false"
 native="false"
 synchronized="false"
 static="false"
 final="false"
 deprecated="not deprecated"
 visibility="public"
>
<parameter name="data" type="short[]">
</parameter>
<parameter name="length" type="int">
</parameter>
</method>
<method name="onVoiceVolume"
 return="void"
 abstract="false"
 native="false"
 synchronized="false"
 static="false"
 final="false"
 deprecated="not deprecated"
 visibility="public"
>
<parameter name="volume" type="int">
</parameter>
</method>
</class>
</package>
</api>
